"id","area","feature","user_story","expected_behavior","code_evidence","docs_evidence","test_layer","feature_status","test_status","next_verification","defects","notes"
"US-001","Onboarding","First-run path","As a new user, I want to install Wardian, launch it, connect a provider, spawn an agent, send work, review completion, and confirm CLI visibility so that I can trust the app is wired correctly.","The app should guide users from install to provider auth, agent spawn, first prompt, Queue review, and optional CLI state inspection without hiding provider setup responsibilities.","src/views/App.tsx; src/features/agents/SpawnAgentPanel.tsx; src/views/QueueView.tsx; crates/wardian-cli/src/main.rs; src/components/OnboardingHint.tsx; src/store/useOnboardingStore.ts","docs/guide/getting-started.md; docs/guide/provider-readiness.md; docs/guide/first-run-troubleshooting.md","browser+native+real-provider","audited_from_code_2026-06-22","partial_passed_2026-06-22","Requires explicit opt-in live provider validation before complete: WARDIAN_E2E_REAL_DELIVERY=1 WARDIAN_E2E_DELIVERY_PROVIDERS=codex,claude,gemini,opencode,antigravity npm run test:e2e:native:fast -- e2e-native/tests/provider-delivery-real-native.test.mjs. For a narrower account-authorized pass, add WARDIAN_E2E_DELIVERY_ALLOW_PARTIAL=1 and set WARDIAN_E2E_DELIVERY_PROVIDERS=<comma-separated authorized providers>. Also rerun npm run test -- src/components/OnboardingHint.test.tsx.","Test logistics resolved: native fast initially failed because localhost:1420 was unavailable; rerun passed after starting Vite/rebuilding the debug app.","Verified with browser E2E, native mock spawn/list/queue, CLI visibility, provider readiness, and isolated WARDIAN_HOME; live provider auth/delivery remains intentionally opt-in because it uses external accounts. Dismissible onboarding hints are included in the first-run support surface and persisted by the onboarding store. Focused subfeature verification on 2026-06-22 passed: npm run test -- src/components/OnboardingHint.test.tsx src/layout/titlebar/WorkspaceTabs.test.tsx src/layout/titlebar/CustomTitleBar.test.tsx src/layout/titlebar/LeftSidebarControls.test.tsx src/layout/titlebar/RightWindowControls.test.tsx src/features/settings/useAppUpdate.test.tsx src/features/terminal/terminalShortcuts.test.ts src/features/terminal/terminalCapabilities.test.ts src/features/remote/RemoteMobileApp.test.tsx src/features/remote/useRemoteStore.test.ts src/features/remote/remoteIdentity.test.ts src/features/workflows/BlueprintSelector.test.tsx src/features/workflows/builder/NodePalette.test.tsx src/features/workflows/builder/VariableAssistant.test.tsx src/features/workflows/builder/useUpstreamContext.test.ts src/views/WorkflowsView.test.tsx (16 files, 140 tests). Safe real-provider harness check on 2026-06-22 passed without opt-in flags: npm run test:e2e:native:fast -- e2e-native/tests/provider-delivery-real-native.test.mjs e2e-native/tests/real-provider-rendering-native.test.mjs (3 tests: 1 parser pass, 2 skipped for missing WARDIAN_E2E_REAL_DELIVERY/WARDIAN_E2E_REAL_RENDERING). Continuation verification on 2026-06-22 passed: npm run test -- src/components/OnboardingHint.test.tsx src/features/terminal/terminalShortcuts.test.ts src/features/terminal/terminalCapabilities.test.ts src/features/terminal/AgentTerminal.test.tsx (4 files, 128 tests); npm run test:e2e:native:fast -- e2e-native/tests/provider-readiness-native.test.mjs (1 native test); node --test e2e-native/tests/rendering-audit-options.test.mjs (69 tests)."
"US-002","Provider readiness","Provider detection and missing-provider handling","As a user, I want Wardian to show which provider CLIs are available before I spawn agents so that I avoid dead launches.","Provider options should reflect supported providers, missing CLIs should be communicated, and real auth/model trust should remain outside the simple executable check.","src/features/agents/providerOptions.ts; src/features/agents/SpawnAgentPanel.tsx; src-tauri/src/providers/mod.rs; src-tauri/src/providers/factory.rs","docs/guide/provider-readiness.md; docs/providers.md; docs/guide/settings.md","unit+browser+native","audited_from_code_2026-06-22","tested_passed_2026-06-22","Rerun npm run test -- src/features/agents/providerOptions.test.ts src/features/agents/SpawnAgentPanel.test.tsx src/features/agents/ConfigureAgentPanel.test.tsx src/features/agents/CustomCloneModal.test.tsx src/features/workflows/RunLaunchDialog.test.tsx and npm run test:e2e:native:fast -- e2e-native/tests/provider-readiness-native.test.mjs before PR or after provider-readiness changes.","Resolved coverage gap: added native provider-readiness smoke using synthetic provider commands in the app environment.","Verified executable readiness and UI fallback/disabled-provider behavior. Provider account auth, billing, and workspace trust are explicitly outside Wardian readiness per docs/guide/provider-readiness.md."
"US-003","App shell","Desktop command-center layout","As an operator, I want a stable three-column shell with titlebar view controls, left control rail, main work area, and right roster so that I can monitor and steer many agents quickly.","The shell should boot with the icon rail, selected content pane, main grid/dashboard/workflow surface, titlebar controls, collapsible sidebars, and right watchlist without layout collapse.","src/views/App.tsx; src/layout/SidebarIconRail.tsx; src/layout/SidebarContentPane.tsx; src/layout/titlebar/CustomTitleBar.tsx; src/layout/watchlist/AgentWatchlist.tsx; src/layout/titlebar/LeftSidebarControls.tsx; src/layout/titlebar/RightWindowControls.tsx; src/components/ConfirmDialog.tsx; src/components/SidebarResizeHandle.tsx","docs/guide/ui-overview.md; docs/features.md","unit+browser","audited_from_code_2026-06-22","tested_passed_2026-06-22","Rerun listed test layer before PR or after related changes. Also rerun npm run test -- src/views/App.test.tsx src/features/settings/SettingsModal.test.tsx. Also rerun npm run test -- src/components/SidebarResizeHandle.test.tsx src/layout/SidebarContentPane.test.tsx.","No defects recorded in current audit.","Covered by shell/navigation unit tests and browser E2E shell smoke. Titlebar sidebar toggles, platform window controls, and confirmation dialogs are part of the app shell contract. Focused subfeature verification on 2026-06-22 passed: npm run test -- src/components/OnboardingHint.test.tsx src/layout/titlebar/WorkspaceTabs.test.tsx src/layout/titlebar/CustomTitleBar.test.tsx src/layout/titlebar/LeftSidebarControls.test.tsx src/layout/titlebar/RightWindowControls.test.tsx src/features/settings/useAppUpdate.test.tsx src/features/terminal/terminalShortcuts.test.ts src/features/terminal/terminalCapabilities.test.ts src/features/remote/RemoteMobileApp.test.tsx src/features/remote/useRemoteStore.test.ts src/features/remote/remoteIdentity.test.ts src/features/workflows/BlueprintSelector.test.tsx src/features/workflows/builder/NodePalette.test.tsx src/features/workflows/builder/VariableAssistant.test.tsx src/features/workflows/builder/useUpstreamContext.test.ts src/views/WorkflowsView.test.tsx (16 files, 140 tests). Focused subfeature verification on 2026-06-22 passed: npm run test -- src/components/ContextMenu.test.tsx src/components/ListEditor.test.tsx src/components/SidebarResizeHandle.test.tsx src/components/AdvancedSettings.test.tsx src/components/OnboardingHint.test.tsx src/layout/SidebarContentPane.test.tsx src/layout/watchlist/AgentWatchlist.test.tsx src/layout/watchlist/ColumnPicker.test.tsx src/layout/watchlist/watchlistUtils.test.ts src/views/GridView.test.tsx src/features/grid/AgentChatView.test.tsx src/features/grid/activityBlocks.test.ts src/features/grid/workLogPresentation.test.ts src/features/grid/markdown/ChatMarkdown.test.tsx src/features/workflows/builder/BuilderCanvas.test.tsx src/features/workflows/builder/autoLayout.test.ts src/features/workflows/builder/blueprintGraph.test.ts src/features/workflows/builder/nodeSummary.test.ts src/features/workflows/run/RunList.test.tsx src/features/workflows/run/WorkflowObserveMode.test.tsx src/features/workflows/run/statusColors.test.ts src/features/workflows/run/RunView.test.tsx src/features/workflows/run/useRunStore.test.ts src/features/workflows/monitor/ActiveRunsList.test.tsx src/features/workflows/monitor/WorkflowMonitorGlance.test.tsx src/features/workflows/monitor/WorkflowMonitor.test.tsx src/features/remote/RemoteMobileApp.test.tsx src/features/remote/useRemoteStore.test.ts (27 files, 322 tests)."
"US-004","Navigation","Top view switching","As a user, I want to switch between Grid, Dashboard, Queue, Library, Workflows, Graph, and Garden from the titlebar so that each operating mode is one click away.","Changing the view mode should render the selected view while preserving shared agent selection and sidebars; Garden is a placeholder, not a current production feature.","src/views/App.tsx; src/layout/titlebar/CustomTitleBar.tsx; src/views/GridView.tsx; src/views/DashboardView.tsx; src/views/QueueView.tsx; src/views/LibraryView.tsx; src/views/WorkflowsView.tsx; src/views/GraphView.tsx; src/views/PlaceholderView.tsx; src/layout/titlebar/WorkspaceTabs.tsx","docs/guide/ui-overview.md; docs/features.md","unit+browser","audited_from_code_2026-06-22","tested_passed_2026-06-22","Rerun listed test layer before PR or after related changes. Also rerun npm run test:e2e -- e2e/tests/features.spec.ts e2e/tests/workflows.spec.ts.","No defects recorded in current audit.","Covered by titlebar/view-switch unit tests and browser navigation smoke; Garden remains expected placeholder. WorkspaceTabs owns the top-level view tabs and Queue unread badge. Focused subfeature verification on 2026-06-22 passed: npm run test -- src/components/OnboardingHint.test.tsx src/layout/titlebar/WorkspaceTabs.test.tsx src/layout/titlebar/CustomTitleBar.test.tsx src/layout/titlebar/LeftSidebarControls.test.tsx src/layout/titlebar/RightWindowControls.test.tsx src/features/settings/useAppUpdate.test.tsx src/features/terminal/terminalShortcuts.test.ts src/features/terminal/terminalCapabilities.test.ts src/features/remote/RemoteMobileApp.test.tsx src/features/remote/useRemoteStore.test.ts src/features/remote/remoteIdentity.test.ts src/features/workflows/BlueprintSelector.test.tsx src/features/workflows/builder/NodePalette.test.tsx src/features/workflows/builder/VariableAssistant.test.tsx src/features/workflows/builder/useUpstreamContext.test.ts src/views/WorkflowsView.test.tsx (16 files, 140 tests)."
"US-005","Navigation","Left control rail and content panes","As a user, I want the left icon rail to open agent config, commands, workflows, classes, explorer, terminal, and settings surfaces so that control tasks stay available beside the main view.","Rail buttons should switch only the left pane where appropriate, open modal/panel affordances for settings and terminal, and preserve the active main view unless a command explicitly navigates.","src/layout/SidebarIconRail.tsx; src/layout/SidebarContentPane.tsx; src/features/agents/SpawnAgentPanel.tsx; src/features/commands/CommandPanel.tsx; src/features/explorer/ExplorerPanel.tsx; src/features/settings/SettingsModal.tsx","docs/guide/ui-overview.md; docs/guide/settings.md; docs/guide/command-panel.md; docs/guide/explorer.md","unit+browser","audited_from_code_2026-06-22","tested_passed_2026-06-22","Rerun listed test layer before PR or after related changes.","No defects recorded in current audit.","Covered by sidebar/content pane unit tests and browser E2E shell tests."
"US-006","Agent grid","Terminal card monitoring","As an operator, I want each active agent to appear as a terminal card so that I can watch live output and interact with provider CLIs.","Grid cards should render agent headers, status, provider/class metadata, terminal output, direct input, pause/restart/clear/clone/delete controls, maximize, and selection behavior.","src/views/GridView.tsx; src/features/terminal/AgentTerminal.tsx; src/components/AgentContextMenu.tsx; src/views/App.tsx; src/components/ContextMenu.tsx","docs/guide/grid.md; docs/guide/ui-overview.md","unit+browser+native","audited_from_code_2026-06-22","tested_passed_2026-06-22","Rerun listed test layer before PR or after related changes. Also rerun npm run test -- src/components/ContextMenu.test.tsx src/views/GridView.test.tsx.","No defects recorded in current audit.","Covered by Grid/AgentTerminal unit tests, browser agent smoke, and native terminal rendering smoke. Focused subfeature verification on 2026-06-22 passed: npm run test -- src/components/ContextMenu.test.tsx src/components/ListEditor.test.tsx src/components/SidebarResizeHandle.test.tsx src/components/AdvancedSettings.test.tsx src/components/OnboardingHint.test.tsx src/layout/SidebarContentPane.test.tsx src/layout/watchlist/AgentWatchlist.test.tsx src/layout/watchlist/ColumnPicker.test.tsx src/layout/watchlist/watchlistUtils.test.ts src/views/GridView.test.tsx src/features/grid/AgentChatView.test.tsx src/features/grid/activityBlocks.test.ts src/features/grid/workLogPresentation.test.ts src/features/grid/markdown/ChatMarkdown.test.tsx src/features/workflows/builder/BuilderCanvas.test.tsx src/features/workflows/builder/autoLayout.test.ts src/features/workflows/builder/blueprintGraph.test.ts src/features/workflows/builder/nodeSummary.test.ts src/features/workflows/run/RunList.test.tsx src/features/workflows/run/WorkflowObserveMode.test.tsx src/features/workflows/run/statusColors.test.ts src/features/workflows/run/RunView.test.tsx src/features/workflows/run/useRunStore.test.ts src/features/workflows/monitor/ActiveRunsList.test.tsx src/features/workflows/monitor/WorkflowMonitorGlance.test.tsx src/features/workflows/monitor/WorkflowMonitor.test.tsx src/features/remote/RemoteMobileApp.test.tsx src/features/remote/useRemoteStore.test.ts (27 files, 322 tests)."
"US-007","Agent grid","Chat card display mode","As a user, I want an agent card to switch between terminal and chat display so that ordinary conversation is easier to read without losing terminal fallback.","Card mode controls should switch one or all cards according to settings, preserve per-agent drafts, render markdown safely, and allow returning to terminal mode for provider-specific screens.","src/views/GridView.tsx; src/features/grid/AgentChatView.tsx; src/features/grid/markdown/ChatMarkdown.tsx; src/store/useSettingsStore.ts; src/features/grid/activityBlocks.ts; src/features/grid/chatCode.tsx; src/features/grid/chatCopy.tsx; src/features/grid/workLogPresentation.ts; src/features/grid/markdown/markdownSafety.ts","docs/guide/grid.md; docs/guide/settings.md","unit+browser","audited_from_code_2026-06-22","tested_passed_2026-06-22","Rerun listed test layer before PR or after related changes. Also rerun npm run test -- src/features/grid/AgentChatView.test.tsx src/features/grid/activityBlocks.test.ts src/features/grid/workLogPresentation.test.ts src/features/grid/markdown/ChatMarkdown.test.tsx.","No defects recorded in current audit.","Provider approval screens remain terminal-first. Chat card evidence now explicitly includes activity block modeling, work-log presentation, code rendering/copy controls, and safe markdown URL handling. Focused subfeature verification on 2026-06-22 passed: npm run test -- src/components/ContextMenu.test.tsx src/components/ListEditor.test.tsx src/components/SidebarResizeHandle.test.tsx src/components/AdvancedSettings.test.tsx src/components/OnboardingHint.test.tsx src/layout/SidebarContentPane.test.tsx src/layout/watchlist/AgentWatchlist.test.tsx src/layout/watchlist/ColumnPicker.test.tsx src/layout/watchlist/watchlistUtils.test.ts src/views/GridView.test.tsx src/features/grid/AgentChatView.test.tsx src/features/grid/activityBlocks.test.ts src/features/grid/workLogPresentation.test.ts src/features/grid/markdown/ChatMarkdown.test.tsx src/features/workflows/builder/BuilderCanvas.test.tsx src/features/workflows/builder/autoLayout.test.ts src/features/workflows/builder/blueprintGraph.test.ts src/features/workflows/builder/nodeSummary.test.ts src/features/workflows/run/RunList.test.tsx src/features/workflows/run/WorkflowObserveMode.test.tsx src/features/workflows/run/statusColors.test.ts src/features/workflows/run/RunView.test.tsx src/features/workflows/run/useRunStore.test.ts src/features/workflows/monitor/ActiveRunsList.test.tsx src/features/workflows/monitor/WorkflowMonitorGlance.test.tsx src/features/workflows/monitor/WorkflowMonitor.test.tsx src/features/remote/RemoteMobileApp.test.tsx src/features/remote/useRemoteStore.test.ts (27 files, 322 tests)."
"US-008","Agent grid","Agent card selection and multi-select","As a user, I want click and shift-click selection across agent cards so that broadcasts and bulk actions can target the right agents.","Card selection should support single selection, range selection, drag-aware click suppression, terminal focus selection, and clearing selection when the background is clicked.","src/views/App.tsx; src/views/GridView.tsx; src/layout/watchlist/AgentWatchlist.tsx","docs/guide/grid.md; docs/guide/watchlists.md","unit+browser","audited_from_code_2026-06-22","tested_passed_2026-06-22","Rerun listed test layer before PR or after related changes.","No defects recorded in current audit.","Selection is shared with roster and command targeting."
"US-009","Agent grid","Card resizing and stacked mode","As a user on narrow screens, I want the grid to stack and resize predictably so terminal input remains usable.","Grid layout should preserve minimum widths, support stacked mode, expose exit handles, persist sidebar resize state, and avoid text/control overlap across compact viewports.","src/views/GridView.tsx; src/features/grid/useGridResize.ts; src/store/useLayoutStore.ts; src/styles/App.css","docs/guide/grid.md; docs/guide/ui-overview.md","unit+browser","audited_from_code_2026-06-22","tested_passed_2026-06-22","Rerun npm run test:e2e -- e2e/tests/responsive-layout.spec.ts and inspect e2e/screenshots/responsive-layout/stacked-mode.png before PR or after grid responsive changes.","Resolved visual evidence gap: responsive browser E2E now seeds two agent cards, asserts stacked-mode entry/exit, and captures stacked-mode screenshot.","Verified sidebar resize persistence and stacked grid behavior; screenshot artifact is non-empty and shows two stacked agent cards without visible control overlap."
"US-010","Agent lifecycle","Spawn agent","As a user, I want to spawn an agent with name, provider, class, and workspace so that I can create a managed provider session.","Spawn should validate required fields, pass normalized DTOs to the backend, create an agent entry, update roster/grid, and honor spawn-location/watchlist preferences.","src/features/agents/SpawnAgentPanel.tsx; src-tauri/src/commands/agent.rs; src-tauri/src/manager/spawn.rs; src-tauri/src/providers/factory.rs; crates/wardian-core/src/models/agent_config.rs; crates/wardian-core/src/models/provider.rs; crates/wardian-core/src/models/session_policy.rs; crates/wardian-core/src/models/mod.rs","docs/guide/getting-started.md; docs/guide/ui-overview.md; docs/guide/watchlists.md","unit+browser+native","audited_from_code_2026-06-22","tested_passed_2026-06-22","Rerun listed test layer before PR or after related changes.","No defects recorded in current audit.","Covered by spawn panel tests, browser mock spawn, native generated-name spawn, and CLI shared-state smoke. Core agent/provider/session-policy DTOs are explicitly tracked as part of spawn and lifecycle behavior."
"US-011","Agent lifecycle","Pause, resume, clear, and delete agents","As an operator, I want lifecycle controls for each agent so that I can stop cost, recover stuck sessions, clear stale state, and remove agents.","Pause should mark agents off, resume should restore, clear should reset session output/state, and delete should confirm before kill and remove selection/off-state references.","src/views/App.tsx; src/components/AgentContextMenu.tsx; src-tauri/src/commands/agent.rs; src-tauri/src/manager/mod.rs","docs/guide/grid.md; docs/guide/watchlists.md; docs/guide/first-run-troubleshooting.md","unit+native","audited_from_code_2026-06-22","tested_passed_2026-06-22","Rerun npm run test -- src/views/App.test.tsx and relevant native lifecycle tests before PR or after lifecycle control changes.","Resolved coverage gap: added App-level delete confirmation test proving Cancel blocks kill_agent and Confirm permits it.","Verified pause/resume off-state behavior, delete confirmation gating, and lifecycle state removal in focused App tests."
"US-012","Agent lifecycle","Rename agent","As a user, I want to rename an agent with a safe identifier so that roster and terminal labels are meaningful.","Rename should reject blank names and names outside alphanumeric, underscore, and hyphen characters, then persist through backend rename and local state update.","src/views/App.tsx; src/layout/watchlist/AgentWatchlist.tsx; src-tauri/src/commands/agent.rs","docs/guide/watchlists.md; docs/guide/ui-overview.md","unit","audited_from_code_2026-06-22","tested_passed_2026-06-22","Rerun listed test layer before PR or after related changes.","No defects recorded in current audit.","Current App path uses alert for invalid names."
"US-013","Agent lifecycle","Clone agent","As a user, I want to clone an existing agent as Fresh, Profile, Resume, or Custom so that useful setup can be reused without manual recreation.","Clone actions should support quick modes and a custom modal with name/provider/class/workspace plus optional files/skills, then refresh agents and watchlists.","src/views/App.tsx; src/features/agents/CustomCloneModal.tsx; src-tauri/src/commands/agent.rs; src-tauri/src/manager/spawn.rs","docs/guide/ui-overview.md; docs/guide/watchlists.md","unit+browser+native","audited_from_code_2026-06-22","tested_passed_2026-06-22","Rerun npm run test -- src/views/App.test.tsx src/features/agents/CustomCloneModal.test.tsx and related native clone tests before PR or after clone changes.","No defects recorded in current audit.","Verified quick clone, custom clone modal opening, backend-owned team placement reload, and clone preview behavior in focused App and clone modal tests."
"US-014","Agent lifecycle","Generated names for blank spawn requests","As a user, I want blank agent names to become readable class-based names where supported so that quick spawning is low friction.","Native spawn should generate class-derived names and normalize workspace paths when the request allows blank names.","src-tauri/src/manager/spawn.rs; src-tauri/src/commands/agent.rs","docs/guide/cli.md; docs/guide/getting-started.md","native","audited_from_code_2026-06-22","tested_passed_2026-06-22","Rerun listed test layer before PR or after related changes.","No defects recorded in current audit.","Native generated-name smoke passed."
"US-015","Dashboard","Agent telemetry dashboard","As an operator, I want a summary dashboard with live status, telemetry, workspace, and quick actions so that I can scan the fleet without reading terminals.","Dashboard should omit off agents, show derived statuses and metrics, route card/control callbacks, and run canned query actions.","src/views/DashboardView.tsx; src/views/App.tsx; src/utils/statusUtils.ts; crates/wardian-core/src/models/agent_telemetry.rs; crates/wardian-core/src/models/app_telemetry.rs","docs/guide/dashboard.md; docs/features.md","unit","audited_from_code_2026-06-22","tested_passed_2026-06-22","Rerun listed test layer before PR or after related changes.","No defects recorded in current audit.","Dashboard is summary/control, not a terminal replacement. Core telemetry DTOs are explicitly tracked as part of dashboard telemetry behavior."
"US-016","Watchlists","Right roster monitoring","As an operator, I want a right-side roster with status lights, search, thoughts, and selection so that I can jump to and manage agents quickly.","Roster should render agents, support collapse/expand, search, selection sync, active list filtering, status indicators, and context actions.","src/layout/watchlist/AgentWatchlist.tsx; src/layout/watchlist/watchlistUtils.ts; src/views/App.tsx; src/layout/watchlist/ColumnPicker.tsx; src/layout/watchlist/types.ts; src/components/SidebarResizeHandle.tsx","docs/guide/watchlists.md; docs/guide/ui-overview.md","unit+browser","audited_from_code_2026-06-22","tested_passed_2026-06-22","Rerun listed test layer before PR or after related changes. Also rerun npm run test -- src/layout/watchlist/AgentWatchlist.test.tsx src/layout/watchlist/ColumnPicker.test.tsx src/layout/watchlist/watchlistUtils.test.ts src/components/SidebarResizeHandle.test.tsx.","No defects recorded in current audit.","Status colors follow project semantic theming. Roster evidence now includes optional column selection, typed watchlist display models, and right-sidebar resizing. Focused subfeature verification on 2026-06-22 passed: npm run test -- src/components/ContextMenu.test.tsx src/components/ListEditor.test.tsx src/components/SidebarResizeHandle.test.tsx src/components/AdvancedSettings.test.tsx src/components/OnboardingHint.test.tsx src/layout/SidebarContentPane.test.tsx src/layout/watchlist/AgentWatchlist.test.tsx src/layout/watchlist/ColumnPicker.test.tsx src/layout/watchlist/watchlistUtils.test.ts src/views/GridView.test.tsx src/features/grid/AgentChatView.test.tsx src/features/grid/activityBlocks.test.ts src/features/grid/workLogPresentation.test.ts src/features/grid/markdown/ChatMarkdown.test.tsx src/features/workflows/builder/BuilderCanvas.test.tsx src/features/workflows/builder/autoLayout.test.ts src/features/workflows/builder/blueprintGraph.test.ts src/features/workflows/builder/nodeSummary.test.ts src/features/workflows/run/RunList.test.tsx src/features/workflows/run/WorkflowObserveMode.test.tsx src/features/workflows/run/statusColors.test.ts src/features/workflows/run/RunView.test.tsx src/features/workflows/run/useRunStore.test.ts src/features/workflows/monitor/ActiveRunsList.test.tsx src/features/workflows/monitor/WorkflowMonitorGlance.test.tsx src/features/workflows/monitor/WorkflowMonitor.test.tsx src/features/remote/RemoteMobileApp.test.tsx src/features/remote/useRemoteStore.test.ts (27 files, 322 tests)."
"US-017","Watchlists","Custom watchlists","As a user, I want custom watchlists so that I can focus the roster and grid on a subset of agents.","Users should create, rename, reorder, select, add agents to, and remove agents from watchlists, with state persisted to disk.","src/layout/watchlist/AgentWatchlist.tsx; src/layout/watchlist/watchlistUtils.ts; src-tauri/src/commands/watchlist.rs","docs/guide/watchlists.md","unit+browser+native","audited_from_code_2026-06-22","tested_passed_2026-06-22","Rerun listed test layer before PR or after related changes.","No defects recorded in current audit.","Mutation is UI/backend, CLI team/watchlist mutation is read-only."
"US-018","Watchlists","Teams and grouping","As an operator, I want teams inside watchlists so that related agents can collapse, reorder, and move together.","Teams should support create, rename, collapse/expand, ungroup, add/remove members, and reorder members while preserving normalized watchlist state.","src/layout/watchlist/AgentWatchlist.tsx; src/layout/watchlist/watchlistUtils.ts; src/views/App.tsx","docs/guide/watchlists.md; docs/guide/ui-overview.md","unit","audited_from_code_2026-06-22","tested_passed_2026-06-22","Rerun listed test layer before PR or after related changes.","No defects recorded in current audit.","Team send targeting is documented as not implemented."
"US-019","Graph","Agent relationship map","As an operator, I want a graph of agents by teams, workspace, worktree, and activity so that relationships are visible beyond list order.","Graph should render status-colored nodes, relationship lenses, recency signals, camera reset, selection sync, inspector, context menu actions, and empty state.","src/views/GraphView.tsx; src/features/graph/GraphCanvas.tsx; src/features/graph/graphProjection.ts","docs/guide/graph.md; docs/guide/ui-overview.md","unit","audited_from_code_2026-06-22","tested_passed_2026-06-22","Rerun listed test layer before PR or after related changes.","No defects recorded in current audit.","Communication edges are not currently promised in docs."
"US-020","Command panel","Broadcast prompt","As a user, I want to broadcast text to selected agents or all agents so that I can coordinate multiple sessions at once.","Broadcast should use selected agents when present, ask confirmation for all-agent sends when no agents are selected, submit through provider input, and clear the composer after success.","src/features/commands/CommandPanel.tsx; src/views/App.tsx; src/utils/terminalInput.ts","docs/guide/command-panel.md; docs/features.md","unit+browser+native","audited_from_code_2026-06-22","tested_passed_2026-06-22","Rerun listed test layer before PR or after related changes.","No defects recorded in current audit.","Delivery evidence is not provider completion proof."
"US-021","Command panel","Run starred prompt","As a user, I want to send a starred Library prompt to selected agents so recurring instructions are one click away.","The panel should list starred prompts, flatten prompt content into terminal input, target selected agents, and report delivery failures if input submission fails.","src/features/commands/CommandPanel.tsx; src/store/useLibraryStore.ts; src/utils/terminalInput.ts","docs/guide/command-panel.md; docs/guide/library.md","unit+browser","audited_from_code_2026-06-22","tested_passed_2026-06-22","Rerun npm run test -- src/features/commands/CommandPanel.test.tsx before PR or after command-panel prompt changes.","Resolved coverage gap: added empty starred-prompt state and long multiline quick-prompt injection assertions.","Verified starred prompt listing, selected-agent injection, all-agent confirmation, clipboard copy, empty starred state, and long prompt flattening through the shared terminal input utility."
"US-022","Library","Prompt library","As a user, I want to browse, create, edit, star, delete, and run prompts from a filesystem-backed library so reusable instructions stay inspectable.","Prompt folders and cards should load from the library tree, support editor modal operations, star prompts, and run or assign prompts against selected agents.","src/views/LibraryView.tsx; src/features/library/LibraryGrid.tsx; src/features/library/LibraryCard.tsx; src/features/library/ItemEditorModal.tsx; src/features/library/AssignPromptModal.tsx; src/store/useLibraryStore.ts; src-tauri/src/commands/library.rs; crates/wardian-core/src/models/library.rs","docs/guide/library.md; docs/features.md","unit+rust","audited_from_code_2026-06-22","tested_passed_2026-06-22","Rerun npm run test -- src/views/LibraryView.test.tsx src/store/useLibraryStore.test.ts src/features/library/LibraryGrid.test.tsx src/features/library/ItemEditorModal.test.tsx src/features/library/AssignPromptModal.test.tsx src/features/library/AssignSkillModal.test.tsx src/features/library/ManageSkills.test.tsx and cd src-tauri && cargo test library before PR or after library changes.","No defects recorded in current audit.","Verified library browsing/edit/star/assign UI and backend library watch/deploy/persistence helpers with focused frontend and Rust library tests. The core library DTO is explicitly tracked as part of prompt-library behavior."
"US-023","Library","Skill library and deployment","As a user, I want to browse and assign skills so agent capabilities can be reused across classes or sessions.","Skill management should load skills, show cards, allow assignment/deployment to supported scopes, and keep filesystem artifacts inspectable.","src/views/LibraryView.tsx; src/features/library/ManageSkills.tsx; src/features/library/AssignSkillModal.tsx; src-tauri/src/commands/library.rs","docs/guide/library.md; docs/guide/class-management.md","unit","audited_from_code_2026-06-22","tested_passed_2026-06-22","Rerun listed test layer before PR or after related changes.","No defects recorded in current audit.","Provider-specific discovery differs by provider."
"US-024","Classes","Class management","As a user, I want reusable agent classes with instructions and assigned skills so future agents can start with consistent roles.","Class manager should list default/custom classes, create/update/delete class definitions, persist instructions, and make classes available in spawn/clone forms.","src/features/agents/ClassManagerPanel.tsx; src/features/agents/ConfigureAgentPanel.tsx; src/features/agents/configUtils.ts; src-tauri/src/commands/class.rs; src-tauri/src/manager/classes.rs","docs/guide/class-management.md; docs/features.md","unit+browser","audited_from_code_2026-06-22","tested_passed_2026-06-22","Rerun listed test layer before PR or after related changes.","No defects recorded in current audit.","Class edits affect future spawns, not already-running provider sessions."
"US-025","Queue","Completion triage","As a user, I want completed agent turns and workflow outcomes captured in Queue so I can review work I missed.","Queue should capture agent completion when active status returns to Idle, persist unread items, show summary/evidence, support filters, mark-read, clear-read, dismiss, and open related agent.","src/views/App.tsx; src/views/QueueView.tsx; src/store/useQueueStore.ts; src/features/queue/queueFilters.ts; src/features/queue/queueNotifications.ts","docs/guide/queue.md; docs/features.md","unit+browser+native","audited_from_code_2026-06-22","tested_passed_2026-06-22","Rerun listed test layer before PR or after related changes.","Resolved: native CLI queue expectations were stale for provider_input_not_ready; tests updated and retested.","Covered by queue unit/browser tests plus native CLI shared-state delivery checks."
"US-026","Queue","Action-needed triage","As a user, I want Action Needed states to become actionable Queue items so I can approve, reject, or respond without hunting through terminals.","Action Needed transitions should create unread queue items, explicit provider choices should render as buttons, and chosen responses should send prompts back to the originating agent.","src/views/App.tsx; src/views/QueueView.tsx; src/features/queue/actionChoices.ts; src/store/useQueueStore.ts","docs/guide/queue.md","unit+browser+native","audited_from_code_2026-06-22","tested_passed_2026-06-22","Rerun listed test layer before PR or after related changes.","Resolved: native CLI mailbox-drain expectations were stale for submit_sent_unconfirmed; tests updated and retested.","Mocked browser tests cannot prove provider prompt delivery."
"US-027","Queue","Queue alert preferences","As a user, I want notification volume and alert preferences so Queue attention signals fit my workflow.","Settings should expose queue alert controls, store preferences, and Queue should respect filters and notification rules.","src/features/settings/SettingsModal.tsx; src/features/queue/queueNotifications.ts; src/store/useQueueStore.ts","docs/guide/queue.md; docs/guide/settings.md","unit+browser","audited_from_code_2026-06-22","tested_passed_2026-06-22","Rerun listed test layer before PR or after related changes.","No defects recorded in current audit.","Browser E2E currently covers hidden alert toggles in compact queue header."
"US-028","CLI","Agent identity and list","As an agent or user, I want the Wardian CLI to show current/live/persisted agent state so automation can reason about the fleet.","CLI should show current agent in managed sessions, list all/workspace agents, expose selected fields/status_source, and fall back to persisted state where documented.","crates/wardian-cli/src/main.rs; crates/wardian-cli/src/args.rs; crates/wardian-cli/src/live.rs; crates/wardian-cli/src/disk.rs; crates/wardian-core/src/identity.rs; crates/wardian-core/src/db.rs; crates/wardian-core/src/paths.rs; crates/wardian-cli/src/errors.rs; crates/wardian-cli/src/output.rs","docs/guide/cli.md; docs/features.md","native+cli","audited_from_code_2026-06-22","tested_passed_2026-06-22","Rerun listed test layer before PR or after related changes.","No defects recorded in current audit.","Current session verified via `wardian agent` during this loop. Core identity, path, database, CLI error, and CLI output support are explicitly tracked as part of CLI identity/list behavior."
"US-029","CLI","Agent lifecycle controls","As an agent or user, I want CLI spawn, clone, pause, resume, kill, wait, and watch commands so automation can control sessions.","CLI lifecycle commands should route through live app control when required, return structured JSON, expose delivery/status errors, and obey WARDIAN_HOME boundaries.","crates/wardian-cli/src/main.rs; crates/wardian-cli/src/live.rs; src-tauri/src/control.rs; src-tauri/src/commands/agent.rs","docs/guide/cli.md; docs/developer/native-e2e.md","native+cli","audited_from_code_2026-06-22","tested_passed_2026-06-22","Rerun listed test layer before PR or after related changes.","No defects recorded in current audit.","Live-control commands require desktop app for same WARDIAN_HOME."
"US-030","CLI","Send, ask, and reply","As an agent, I want structured peer messaging with send, ask, watch, and reply so delegated work has evidence.","`send` should deliver stdin/file/text bodies with optional command mode; `ask` should send a bounded request, wait for structured reply, and return delivery/watch evidence.","crates/wardian-cli/src/main.rs; crates/wardian-cli/src/args.rs; crates/wardian-cli/tests/send_cli.rs; crates/wardian-cli/tests/ask_cli.rs; crates/wardian-core/src/control.rs; crates/wardian-core/src/models/chat.rs","docs/guide/cli.md","native+cli","audited_from_code_2026-06-22","tested_passed_2026-06-22","Rerun listed test layer before PR or after related changes.","Resolved: structured reply must run with the target agent WARDIAN_SESSION_ID; native CLI test updated and retested.","Covered by native CLI send/ask/reply checks, including structured reply and mailbox drain. The shared control protocol and chat DTO are explicitly tracked as part of send/ask/reply behavior."
"US-031","CLI","Workflow, team, watchlist, and worktree commands","As an agent, I want CLI access to workflows, teams, watchlists, and worktrees so coordination state is inspectable outside the GUI.","CLI should list/show workflows and start/stop runs when live app is available; teams/watchlists should be read-only; worktree commands should route through live control.","crates/wardian-cli/src/main.rs; crates/wardian-cli/src/disk.rs; crates/wardian-cli/tests/workflow_cli.rs; crates/wardian-cli/tests/watchlist_cli.rs","docs/guide/cli.md; docs/guide/workflows.md; docs/guide/watchlists.md","native+cli","audited_from_code_2026-06-22","tested_passed_2026-06-22","Rerun listed test layer before PR or after related changes.","No defects recorded in current audit.","Team send targeting is explicitly not implemented."
"US-032","Workflows","Unified Workflows view","As a user, I want Workflows to combine edit, observe, and monitor modes so authoring and runtime evidence stay connected.","The Workflows view should load blueprints, open edit canvas, switch to observe/monitor, preserve selected runs, and expose latest run details only when meaningful.","src/views/WorkflowsView.tsx; src/store/useWorkflowsView.ts; src/features/workflows/run/RunView.tsx; src/features/workflows/monitor/WorkflowMonitor.tsx; src/features/workflows/WorkflowLibrary.tsx; src/features/workflows/BlueprintSelector.tsx; src/features/workflows/useWorkflowLibrary.ts; src/components/ContextMenu.tsx","docs/guide/workflows.md; docs/workflows/index.md","unit+browser+native","audited_from_code_2026-06-22","tested_passed_2026-06-22","Rerun listed test layer before PR or after related changes. Also rerun npm run test -- src/views/WorkflowsView.test.tsx src/features/workflows/BlueprintSelector.test.tsx. Also rerun npm run test -- src/components/ContextMenu.test.tsx src/views/WorkflowsView.test.tsx.","Resolved: workflow completion native test used legacy run_workflow/JSON trace contract; migrated to workflow_run/current artifacts and retested.","Workflow unit/browser/native targeted checks passed after test-contract update. Workflow library foldering, blueprint opening/new workflow controls, and persisted workflow organization are tracked under the unified Workflows view. Focused subfeature verification on 2026-06-22 passed: npm run test -- src/components/OnboardingHint.test.tsx src/layout/titlebar/WorkspaceTabs.test.tsx src/layout/titlebar/CustomTitleBar.test.tsx src/layout/titlebar/LeftSidebarControls.test.tsx src/layout/titlebar/RightWindowControls.test.tsx src/features/settings/useAppUpdate.test.tsx src/features/terminal/terminalShortcuts.test.ts src/features/terminal/terminalCapabilities.test.ts src/features/remote/RemoteMobileApp.test.tsx src/features/remote/useRemoteStore.test.ts src/features/remote/remoteIdentity.test.ts src/features/workflows/BlueprintSelector.test.tsx src/features/workflows/builder/NodePalette.test.tsx src/features/workflows/builder/VariableAssistant.test.tsx src/features/workflows/builder/useUpstreamContext.test.ts src/views/WorkflowsView.test.tsx (16 files, 140 tests). Focused subfeature verification on 2026-06-22 passed: npm run test -- src/components/ContextMenu.test.tsx src/components/ListEditor.test.tsx src/components/SidebarResizeHandle.test.tsx src/components/AdvancedSettings.test.tsx src/components/OnboardingHint.test.tsx src/layout/SidebarContentPane.test.tsx src/layout/watchlist/AgentWatchlist.test.tsx src/layout/watchlist/ColumnPicker.test.tsx src/layout/watchlist/watchlistUtils.test.ts src/views/GridView.test.tsx src/features/grid/AgentChatView.test.tsx src/features/grid/activityBlocks.test.ts src/features/grid/workLogPresentation.test.ts src/features/grid/markdown/ChatMarkdown.test.tsx src/features/workflows/builder/BuilderCanvas.test.tsx src/features/workflows/builder/autoLayout.test.ts src/features/workflows/builder/blueprintGraph.test.ts src/features/workflows/builder/nodeSummary.test.ts src/features/workflows/run/RunList.test.tsx src/features/workflows/run/WorkflowObserveMode.test.tsx src/features/workflows/run/statusColors.test.ts src/features/workflows/run/RunView.test.tsx src/features/workflows/run/useRunStore.test.ts src/features/workflows/monitor/ActiveRunsList.test.tsx src/features/workflows/monitor/WorkflowMonitorGlance.test.tsx src/features/workflows/monitor/WorkflowMonitor.test.tsx src/features/remote/RemoteMobileApp.test.tsx src/features/remote/useRemoteStore.test.ts (27 files, 322 tests)."
"US-033","Workflows","Visual workflow builder","As a workflow author, I want to drag/add/configure nodes and validate/save blueprints so repeatable agent processes become durable files.","Builder should provide node library/palette, canvas, config form, diagnostics, validation, save/write, duplicate/delete/copy context actions, and stable graph layout.","src/features/workflows/builder/BuilderCanvas.tsx; src/features/workflows/builder/NodeLibrary.tsx; src/features/workflows/builder/NodeConfigForm.tsx; src/features/workflows/builder/DiagnosticsPanel.tsx; src/features/workflows/builder/registry.ts; src-tauri/src/commands/workflow.rs; src/features/workflows/builder/NodePalette.tsx; src/features/workflows/builder/VariableAssistant.tsx; src/features/workflows/builder/useUpstreamContext.ts; src/views/BuilderView.tsx; src/features/workflows/builder/BuilderToolbar.tsx; src/features/workflows/builder/autoLayout.ts; src/features/workflows/builder/blueprintGraph.ts; src/features/workflows/builder/blueprintTypes.ts; src/features/workflows/builder/nodeSummary.ts","docs/workflows/building-workflows.md; docs/workflows/node-reference.md; docs/developer/visual-builder.md","unit+browser+native","audited_from_code_2026-06-22","tested_passed_2026-06-22","Rerun listed test layer before PR or after related changes. Also rerun npm run test -- src/features/workflows/builder/NodePalette.test.tsx src/features/workflows/builder/VariableAssistant.test.tsx src/features/workflows/builder/useUpstreamContext.test.ts. Also rerun npm run test -- src/features/workflows/builder/BuilderCanvas.test.tsx src/features/workflows/builder/autoLayout.test.ts src/features/workflows/builder/blueprintGraph.test.ts src/features/workflows/builder/nodeSummary.test.ts src/views/WorkflowsView.test.tsx.","Resolved: workflow builder round-trip expected author order, but backend normalization sorts nodes/edges; test now compares normalized order.","Native builder round-trip passed after normalized comparison update. Node palette and upstream variable insertion are explicit workflow authoring behaviors. Focused subfeature verification on 2026-06-22 passed: npm run test -- src/components/OnboardingHint.test.tsx src/layout/titlebar/WorkspaceTabs.test.tsx src/layout/titlebar/CustomTitleBar.test.tsx src/layout/titlebar/LeftSidebarControls.test.tsx src/layout/titlebar/RightWindowControls.test.tsx src/features/settings/useAppUpdate.test.tsx src/features/terminal/terminalShortcuts.test.ts src/features/terminal/terminalCapabilities.test.ts src/features/remote/RemoteMobileApp.test.tsx src/features/remote/useRemoteStore.test.ts src/features/remote/remoteIdentity.test.ts src/features/workflows/BlueprintSelector.test.tsx src/features/workflows/builder/NodePalette.test.tsx src/features/workflows/builder/VariableAssistant.test.tsx src/features/workflows/builder/useUpstreamContext.test.ts src/views/WorkflowsView.test.tsx (16 files, 140 tests). Workflow builder evidence now includes graph conversion, auto-layout, node summaries, toolbar shell, and the legacy BuilderView surface. Focused subfeature verification on 2026-06-22 passed: npm run test -- src/components/ContextMenu.test.tsx src/components/ListEditor.test.tsx src/components/SidebarResizeHandle.test.tsx src/components/AdvancedSettings.test.tsx src/components/OnboardingHint.test.tsx src/layout/SidebarContentPane.test.tsx src/layout/watchlist/AgentWatchlist.test.tsx src/layout/watchlist/ColumnPicker.test.tsx src/layout/watchlist/watchlistUtils.test.ts src/views/GridView.test.tsx src/features/grid/AgentChatView.test.tsx src/features/grid/activityBlocks.test.ts src/features/grid/workLogPresentation.test.ts src/features/grid/markdown/ChatMarkdown.test.tsx src/features/workflows/builder/BuilderCanvas.test.tsx src/features/workflows/builder/autoLayout.test.ts src/features/workflows/builder/blueprintGraph.test.ts src/features/workflows/builder/nodeSummary.test.ts src/features/workflows/run/RunList.test.tsx src/features/workflows/run/WorkflowObserveMode.test.tsx src/features/workflows/run/statusColors.test.ts src/features/workflows/run/RunView.test.tsx src/features/workflows/run/useRunStore.test.ts src/features/workflows/monitor/ActiveRunsList.test.tsx src/features/workflows/monitor/WorkflowMonitorGlance.test.tsx src/features/workflows/monitor/WorkflowMonitor.test.tsx src/features/remote/RemoteMobileApp.test.tsx src/features/remote/useRemoteStore.test.ts (27 files, 322 tests)."
"US-034","Workflows","Manual and parameterized runs","As a user, I want to launch a workflow with required input and temporary assignments so a saved blueprint can run with context.","Run dialog should render trigger input fields, validate, send `workflow_run` input/bindings/temporary provider assignments, and transition into observe mode.","src/features/workflows/RunLaunchDialog.tsx; src/features/workflows/RunControls.tsx; src-tauri/src/commands/workflow.rs; crates/wardian-core/src/engine/executor.rs","docs/guide/workflows.md; docs/workflows/triggers.md","unit+browser+native","audited_from_code_2026-06-22","tested_passed_2026-06-22","Rerun listed test layer before PR or after related changes.","No defects recorded in current audit.","Manual/parameterized browser and native workflow tests passed; screenshots were regenerated by the test run."
"US-035","Workflows","Scheduled runs and monitor","As a user, I want to schedule workflows and manage schedule state so recurring work happens without manual launch.","Schedule editor should create/edit schedules, monitor should list rows, pause/resume, run now, and native scheduler should persist completed run state.","src/features/workflows/ScheduleEditor.tsx; src/features/workflows/monitor/SchedulesTable.tsx; src/features/workflows/monitor/ScheduleRow.tsx; src/store/useSchedulesStore.ts; src-tauri/src/workflow/schedule.rs; src/features/workflows/monitor/ActiveRunsList.tsx; src/features/workflows/monitor/WorkflowMonitorGlance.tsx; src/features/workflows/monitor/scheduleStatus.ts","docs/workflows/scheduled-runs.md; docs/guide/workflows.md","unit+browser+native","audited_from_code_2026-06-22","tested_passed_2026-06-22","Rerun listed test layer before PR or after related changes. Also rerun npm run test -- src/features/workflows/monitor/ActiveRunsList.test.tsx src/features/workflows/monitor/WorkflowMonitorGlance.test.tsx src/features/workflows/monitor/WorkflowMonitor.test.tsx.","No defects recorded in current audit.","Schedule monitor browser/native tests passed; screenshots were regenerated by the test run. Schedule and monitor evidence now includes active-run summaries, sidebar glance status, and schedule status formatting helpers. Focused subfeature verification on 2026-06-22 passed: npm run test -- src/components/ContextMenu.test.tsx src/components/ListEditor.test.tsx src/components/SidebarResizeHandle.test.tsx src/components/AdvancedSettings.test.tsx src/components/OnboardingHint.test.tsx src/layout/SidebarContentPane.test.tsx src/layout/watchlist/AgentWatchlist.test.tsx src/layout/watchlist/ColumnPicker.test.tsx src/layout/watchlist/watchlistUtils.test.ts src/views/GridView.test.tsx src/features/grid/AgentChatView.test.tsx src/features/grid/activityBlocks.test.ts src/features/grid/workLogPresentation.test.ts src/features/grid/markdown/ChatMarkdown.test.tsx src/features/workflows/builder/BuilderCanvas.test.tsx src/features/workflows/builder/autoLayout.test.ts src/features/workflows/builder/blueprintGraph.test.ts src/features/workflows/builder/nodeSummary.test.ts src/features/workflows/run/RunList.test.tsx src/features/workflows/run/WorkflowObserveMode.test.tsx src/features/workflows/run/statusColors.test.ts src/features/workflows/run/RunView.test.tsx src/features/workflows/run/useRunStore.test.ts src/features/workflows/monitor/ActiveRunsList.test.tsx src/features/workflows/monitor/WorkflowMonitorGlance.test.tsx src/features/workflows/monitor/WorkflowMonitor.test.tsx src/features/remote/RemoteMobileApp.test.tsx src/features/remote/useRemoteStore.test.ts (27 files, 322 tests)."
"US-036","Workflows","Run observe mode","As an operator, I want to inspect workflow run DAGs, event timelines, node details, failures, and replay states so runtime evidence is understandable.","Run view should show DAG statuses, event timeline, scrubber/replay state, node inspector details, failure header state, and selected event/node synchronization.","src/features/workflows/run/RunView.tsx; src/features/workflows/run/RunDag.tsx; src/features/workflows/run/EventTimeline.tsx; src/features/workflows/run/NodeInspector.tsx; src/features/workflows/run/replay.ts; src/features/workflows/run/RunList.tsx; src/features/workflows/run/WorkflowObserveMode.tsx; src/features/workflows/run/runTypes.ts; src/features/workflows/run/statusColors.ts; src/features/workflows/run/statusLabels.ts; src/features/workflows/run/useRunStore.ts","docs/guide/workflows.md; docs/workflows/troubleshooting.md","unit+browser+native","audited_from_code_2026-06-22","tested_passed_2026-06-22","Rerun listed test layer before PR or after related changes. Also rerun npm run test -- src/features/workflows/run/RunList.test.tsx src/features/workflows/run/WorkflowObserveMode.test.tsx src/features/workflows/run/statusColors.test.ts src/features/workflows/run/RunView.test.tsx src/features/workflows/run/useRunStore.test.ts.","Resolved: workflow run completion evidence now reads current state.json/events.jsonl artifacts.","Run observe native/browser tests passed in the current subset. Run observe evidence now includes run list selection, observe-mode shell, status colors/labels, run DTO types, and the run store. Focused subfeature verification on 2026-06-22 passed: npm run test -- src/components/ContextMenu.test.tsx src/components/ListEditor.test.tsx src/components/SidebarResizeHandle.test.tsx src/components/AdvancedSettings.test.tsx src/components/OnboardingHint.test.tsx src/layout/SidebarContentPane.test.tsx src/layout/watchlist/AgentWatchlist.test.tsx src/layout/watchlist/ColumnPicker.test.tsx src/layout/watchlist/watchlistUtils.test.ts src/views/GridView.test.tsx src/features/grid/AgentChatView.test.tsx src/features/grid/activityBlocks.test.ts src/features/grid/workLogPresentation.test.ts src/features/grid/markdown/ChatMarkdown.test.tsx src/features/workflows/builder/BuilderCanvas.test.tsx src/features/workflows/builder/autoLayout.test.ts src/features/workflows/builder/blueprintGraph.test.ts src/features/workflows/builder/nodeSummary.test.ts src/features/workflows/run/RunList.test.tsx src/features/workflows/run/WorkflowObserveMode.test.tsx src/features/workflows/run/statusColors.test.ts src/features/workflows/run/RunView.test.tsx src/features/workflows/run/useRunStore.test.ts src/features/workflows/monitor/ActiveRunsList.test.tsx src/features/workflows/monitor/WorkflowMonitorGlance.test.tsx src/features/workflows/monitor/WorkflowMonitor.test.tsx src/features/remote/RemoteMobileApp.test.tsx src/features/remote/useRemoteStore.test.ts (27 files, 322 tests)."
"US-037","Workflow engine","Deterministic backend execution","As a workflow author, I want workflow execution to be deterministic and persisted so runs can be trusted and debugged.","Rust engine should parse/normalize/validate blueprints, resolve assignments, execute candidate nodes, handle branch/loop/wait/control nodes, emit events, and persist run state.","crates/wardian-core/src/workflow; crates/wardian-core/src/engine; src-tauri/src/workflow; src-tauri/tests/workflow_executor.rs; crates/wardian-core/src/conversation_lease.rs; crates/wardian-core/src/models/workflow.rs; crates/wardian-core/src/schedule/mod.rs; crates/wardian-core/src/lib.rs","docs/developer/workflow-engine.md; docs/workflows/node-reference.md","rust","audited_from_code_2026-06-22","tested_passed_2026-06-22","Rerun listed test layer before PR or after related changes.","Resolved: native workflow completion test now proves explicit agent reply output rather than provider result echo.","Rust workflow engine tests and native workflow completion test passed. Core workflow, schedule, library root, and conversation-lease modules are explicitly tracked as part of deterministic workflow execution."
"US-038","Source control","Per-agent git panel","As a user, I want source control for the selected agent workspace so I can inspect and commit changes without leaving Wardian.","Git panel should show branch, changed/untracked files, staged/unstaged groups, inline diff modal, commit box, pull/push controls, history, and worktree identity.","src/features/git/GitPanel.tsx; src/features/git/GitFileList.tsx; src/features/git/GitDiffView.tsx; src-tauri/src/commands/git.rs; crates/wardian-core/src/models/git.rs","docs/guide/source-control.md; docs/features.md","unit+native","audited_from_code_2026-06-22","tested_passed_2026-06-22","Rerun npm run test -- src/features/git/GitPanel.test.tsx src/features/git/GitFileList.test.tsx src/features/git/GitDiffView.test.tsx and npm run test:e2e:native:fast -- e2e-native/tests/git-panel-native.test.mjs before PR or after source-control changes.","Resolved coverage gap: added pull-control assertion for the selected source-control root.","Verified branch/status/history rendering in native seeded repo plus unit coverage for commit, pull, push error surfacing, diff/file list, and worktree controls. The core git DTO is explicitly tracked as part of per-agent source-control behavior."
"US-039","Source control","Worktree mode","As an operator, I want per-agent worktree mode so risky changes can be isolated by branch/worktree.","Worktree controls should enable/join/disable worktrees through live control, update agent workspace records, and avoid deleting physical worktrees when disabling assignment.","src-tauri/src/commands/agent.rs; src-tauri/src/manager/spawn.rs; crates/wardian-cli/src/main.rs","docs/guide/source-control.md; docs/guide/cli.md","native+cli","audited_from_code_2026-06-22","tested_passed_2026-06-22","Rerun npm run test:e2e:native:fast -- e2e-native/tests/worktree-cli-native.test.mjs before PR or after worktree/CLI changes.","Resolved coverage gap: added native CLI worktree smoke for enable/list/disable and non-destructive disable behavior.","Verified with isolated WARDIAN_HOME, seeded git repo, live app control endpoint, and wardian-cli worktree commands."
"US-040","Explorer","Context-aware file tree","As a user, I want a file explorer rooted in selected agent workspace or Wardian home so files related to the current context are nearby.","Explorer should follow selected agent context, render a tree, show Git status markers, preview/open/reveal/copy/delete files, and respect editor click settings.","src/features/explorer/ExplorerPanel.tsx; src/features/explorer/FileTree.tsx; src/features/explorer/pathUtils.ts; src-tauri/src/commands/fs.rs; crates/wardian-core/src/models/fs.rs","docs/guide/explorer.md; docs/guide/settings.md","unit+browser+native","audited_from_code_2026-06-22","tested_passed_2026-06-22","Rerun npm run test -- src/features/explorer/ExplorerPanel.test.tsx src/features/explorer/FileTree.test.tsx src/features/explorer/pathUtils.test.ts before PR or after explorer changes.","No defects recorded in current audit.","Verified context root behavior, tree interactions, Git status display, and delete confirmation gating in focused explorer tests. The core filesystem DTO is explicitly tracked as part of explorer behavior."
"US-041","Terminal","Provider terminal rendering","As a user, I want provider terminals to render accurately across resize, scrollback, pause/resume, and visibility changes so terminal state is trustworthy.","AgentTerminal should handle PTY output, xterm fitting, WebGL/snapshot lifecycle, clickable links, scrollback, provider-specific quirks, and terminal theme sync.","src/features/terminal/AgentTerminal.tsx; src/features/terminal/terminalCapabilities.ts; src/features/terminal/terminalLinks.ts; src-tauri/src/commands/terminal.rs; src-tauri/src/utils/pty_buffer.rs; src-tauri/src/utils/pty_decode.rs; src/features/terminal/terminalThemes.ts; src/features/terminal/terminalShortcuts.ts","docs/guide/grid.md; docs/developer/pty-lifecycle.md; docs/specs/2026-06-15-codex-conpty-scrollback.md","unit+native+real-provider","audited_from_code_2026-06-22","partial_passed_2026-06-22","Requires explicit opt-in live provider rendering audit before complete: WARDIAN_E2E_REAL_RENDERING=1 WARDIAN_E2E_RENDERING_PROVIDERS=codex,claude npm run test:e2e:native:fast -- e2e-native/tests/real-provider-rendering-native.test.mjs. Rendering defaults to codex,claude; set WARDIAN_E2E_RENDERING_PROVIDERS=<comma-separated authorized providers> to change the authorized provider set. Also rerun npm run test -- src/features/terminal/terminalShortcuts.test.ts src/features/terminal/terminalCapabilities.test.ts src/features/terminal/AgentTerminal.test.tsx.","Resolved: npm test:e2e:native argument forwarding bug surfaced during terminal targeting; package script now uses an argument-aware runner.","Native terminal rendering, scroll, visibility, and link parsing passed with mock/native coverage; provider-specific screen behavior remains intentionally opt-in because it uses external accounts. Provider terminal rendering includes shared themes, provider contrast rules, conservative shortcuts, and capability/probe normalization. Focused subfeature verification on 2026-06-22 passed: npm run test -- src/components/OnboardingHint.test.tsx src/layout/titlebar/WorkspaceTabs.test.tsx src/layout/titlebar/CustomTitleBar.test.tsx src/layout/titlebar/LeftSidebarControls.test.tsx src/layout/titlebar/RightWindowControls.test.tsx src/features/settings/useAppUpdate.test.tsx src/features/terminal/terminalShortcuts.test.ts src/features/terminal/terminalCapabilities.test.ts src/features/remote/RemoteMobileApp.test.tsx src/features/remote/useRemoteStore.test.ts src/features/remote/remoteIdentity.test.ts src/features/workflows/BlueprintSelector.test.tsx src/features/workflows/builder/NodePalette.test.tsx src/features/workflows/builder/VariableAssistant.test.tsx src/features/workflows/builder/useUpstreamContext.test.ts src/views/WorkflowsView.test.tsx (16 files, 140 tests). Safe real-provider harness check on 2026-06-22 passed without opt-in flags: npm run test:e2e:native:fast -- e2e-native/tests/provider-delivery-real-native.test.mjs e2e-native/tests/real-provider-rendering-native.test.mjs (3 tests: 1 parser pass, 2 skipped for missing WARDIAN_E2E_REAL_DELIVERY/WARDIAN_E2E_REAL_RENDERING). Continuation verification on 2026-06-22 passed: npm run test -- src/components/OnboardingHint.test.tsx src/features/terminal/terminalShortcuts.test.ts src/features/terminal/terminalCapabilities.test.ts src/features/terminal/AgentTerminal.test.tsx (4 files, 128 tests); npm run test:e2e:native:fast -- e2e-native/tests/provider-readiness-native.test.mjs (1 native test); node --test e2e-native/tests/rendering-audit-options.test.mjs (69 tests)."
"US-042","Terminal","Standalone user terminal","As a user, I want a standalone terminal panel that can run shell commands and jump to the selected agent workspace so I can operate locally inside Wardian.","User terminal should open from the rail, size via the bottom panel, run shell commands, hide/restore, and use the selected single agent workspace when available.","src/features/terminal/UserTerminalPanel.tsx; src/store/useLayoutStore.ts; src-tauri/src/state/user_terminal.rs; src-tauri/src/commands/terminal.rs","docs/guide/ui-overview.md; docs/developer/pty-lifecycle.md","unit+native","audited_from_code_2026-06-22","tested_passed_2026-06-22","Rerun listed test layer before PR or after related changes.","Resolved: targeted native terminal tests now run through npm script file args without adding the default suite path.","Standalone terminal native smoke and direct terminal target passed."
"US-043","Terminal","Clickable terminal links","As a user, I want URLs and file paths in terminal output to be clickable so I can jump to referenced resources quickly.","Terminal link logic should detect URL and file path patterns, route to opener/editor behavior, and preserve safe parsing across terminal rows.","src/features/terminal/terminalLinks.ts; src/features/terminal/AgentTerminal.tsx; src-tauri/src/commands/fs.rs","docs/guide/grid.md; docs/guide/explorer.md; docs/specs/2026-06-01-terminal-clickable-links.md","unit+native","audited_from_code_2026-06-22","tested_passed_2026-06-22","Rerun npm run test -- src/features/terminal/terminalLinks.test.ts before PR or after terminal link parser changes.","Resolved coverage gap: added explicit Windows and POSIX absolute path line-suffix tests; existing parser behavior passed.","Terminal link unit coverage now includes URLs, relative paths, Windows absolute paths, POSIX absolute paths, Visual Studio suffixes, validation, and activation."
"US-044","Settings","Global settings modal","As a user, I want searchable categorized global settings so runtime, layout, theme, queue, provider, and explorer preferences are managed in one place.","Settings should open as a modal, preserve sidebar pane, load file-backed app settings, expose categories/search, save changes, and sync theme/provider settings where supported.","src/features/settings/SettingsModal.tsx; src/store/useSettingsStore.ts; src-tauri/src/commands/settings.rs; src-tauri/src/utils/app_settings.rs; src/features/settings/useAppUpdate.ts; src/components/ListEditor.tsx","docs/guide/settings.md; docs/features.md","unit+browser","audited_from_code_2026-06-22","tested_passed_2026-06-22","Rerun listed test layer before PR or after related changes. Also rerun npm run test -- src/features/settings/useAppUpdate.test.tsx src/features/settings/SettingsModal.test.tsx. Also rerun npm run test -- src/components/ListEditor.test.tsx src/components/AdvancedSettings.test.tsx src/features/settings/SettingsModal.test.tsx.","No defects recorded in current audit.","Settings are global only per current docs. Settings coverage includes the app version/update surface, update eligibility, download progress, and restart handoff states. Focused subfeature verification on 2026-06-22 passed: npm run test -- src/components/OnboardingHint.test.tsx src/layout/titlebar/WorkspaceTabs.test.tsx src/layout/titlebar/CustomTitleBar.test.tsx src/layout/titlebar/LeftSidebarControls.test.tsx src/layout/titlebar/RightWindowControls.test.tsx src/features/settings/useAppUpdate.test.tsx src/features/terminal/terminalShortcuts.test.ts src/features/terminal/terminalCapabilities.test.ts src/features/remote/RemoteMobileApp.test.tsx src/features/remote/useRemoteStore.test.ts src/features/remote/remoteIdentity.test.ts src/features/workflows/BlueprintSelector.test.tsx src/features/workflows/builder/NodePalette.test.tsx src/features/workflows/builder/VariableAssistant.test.tsx src/features/workflows/builder/useUpstreamContext.test.ts src/views/WorkflowsView.test.tsx (16 files, 140 tests). Settings evidence now includes reusable list editing for advanced path/provider settings. Focused subfeature verification on 2026-06-22 passed: npm run test -- src/components/ContextMenu.test.tsx src/components/ListEditor.test.tsx src/components/SidebarResizeHandle.test.tsx src/components/AdvancedSettings.test.tsx src/components/OnboardingHint.test.tsx src/layout/SidebarContentPane.test.tsx src/layout/watchlist/AgentWatchlist.test.tsx src/layout/watchlist/ColumnPicker.test.tsx src/layout/watchlist/watchlistUtils.test.ts src/views/GridView.test.tsx src/features/grid/AgentChatView.test.tsx src/features/grid/activityBlocks.test.ts src/features/grid/workLogPresentation.test.ts src/features/grid/markdown/ChatMarkdown.test.tsx src/features/workflows/builder/BuilderCanvas.test.tsx src/features/workflows/builder/autoLayout.test.ts src/features/workflows/builder/blueprintGraph.test.ts src/features/workflows/builder/nodeSummary.test.ts src/features/workflows/run/RunList.test.tsx src/features/workflows/run/WorkflowObserveMode.test.tsx src/features/workflows/run/statusColors.test.ts src/features/workflows/run/RunView.test.tsx src/features/workflows/run/useRunStore.test.ts src/features/workflows/monitor/ActiveRunsList.test.tsx src/features/workflows/monitor/WorkflowMonitorGlance.test.tsx src/features/workflows/monitor/WorkflowMonitor.test.tsx src/features/remote/RemoteMobileApp.test.tsx src/features/remote/useRemoteStore.test.ts (27 files, 322 tests)."
"US-045","Settings","Runtime shell and session policy","As a user, I want to choose shell and session persistence defaults so new agents launch in the expected environment.","Settings should support auto/discovered/custom shell options, regular-agent session policy, provider runtime preferences, font/terminal tuning, and Gemini patch actions.","src/features/settings/SettingsModal.tsx; src/components/AdvancedSettings.tsx; src-tauri/src/utils/shell.rs; src-tauri/src/utils/app_settings.rs; src-tauri/src/providers/gemini.rs","docs/guide/settings.md; docs/guide/provider-readiness.md","unit+browser+native","audited_from_code_2026-06-22","tested_passed_2026-06-22","Rerun npm run test -- src/components/AdvancedSettings.test.tsx src/features/settings/SettingsModal.test.tsx and related native spawn/settings tests before PR or after runtime policy changes.","No defects recorded in current audit.","Verified shell/session policy UI serialization, regular-session resume placement, provider runtime controls, terminal font settings, and Gemini patch actions; effects apply to future launches by design."
"US-046","Settings","Theme and titlebar telemetry","As a user, I want theme and telemetry visibility controls so the app matches my environment and privacy preferences.","Theme changes should apply dark/light/system mode, sync provider theme settings, hide titlebar telemetry until app settings load, and persist visibility preference.","src/views/App.tsx; src/features/settings/SettingsModal.tsx; src/store/useSettingsStore.ts; src/styles/App.css; src/features/terminal/terminalThemes.ts","docs/guide/settings.md; docs/specs/2026-05-24-titlebar-telemetry-setting.md","unit+browser","audited_from_code_2026-06-22","tested_passed_2026-06-22","Rerun listed test layer before PR or after related changes. Also rerun npm run test -- src/features/terminal/terminalCapabilities.test.ts src/features/settings/SettingsModal.test.tsx.","No defects recorded in current audit.","Semantic theme variables required for UI changes. Theme behavior includes terminal color/contrast themes as well as app chrome and titlebar telemetry. Focused subfeature verification on 2026-06-22 passed: npm run test -- src/components/OnboardingHint.test.tsx src/layout/titlebar/WorkspaceTabs.test.tsx src/layout/titlebar/CustomTitleBar.test.tsx src/layout/titlebar/LeftSidebarControls.test.tsx src/layout/titlebar/RightWindowControls.test.tsx src/features/settings/useAppUpdate.test.tsx src/features/terminal/terminalShortcuts.test.ts src/features/terminal/terminalCapabilities.test.ts src/features/remote/RemoteMobileApp.test.tsx src/features/remote/useRemoteStore.test.ts src/features/remote/remoteIdentity.test.ts src/features/workflows/BlueprintSelector.test.tsx src/features/workflows/builder/NodePalette.test.tsx src/features/workflows/builder/VariableAssistant.test.tsx src/features/workflows/builder/useUpstreamContext.test.ts src/views/WorkflowsView.test.tsx (16 files, 140 tests)."
"US-047","Remote control","Remote access setup","As a user, I want private remote access setup and diagnostics so I can use Wardian from a phone over trusted network infrastructure.","Remote settings should expose setup diagnostics, pairing, private HTTPS/Tailscale guidance, security boundaries, and gateway readiness without public relay assumptions.","src/features/settings/RemoteAccessSettings.tsx; src-tauri/src/remote/setup_check.rs; src-tauri/src/remote/gateway.rs; src-tauri/src/remote/auth.rs","docs/guide/remote-control.md; docs/guide/settings.md","unit+native","audited_from_code_2026-06-22","tested_passed_2026-06-22","Rerun listed test layer before PR or after related changes.","No defects recorded in current audit.","Remote gateway native/browser smoke passed in the current suite."
"US-048","Remote control","Mobile PWA shell","As a mobile user, I want a PWA roster, agent detail view, queue/workflow navigation, command bar, and terminal snapshot so I can monitor and send prompts remotely.","Remote mobile app should render team-ordered watchlist, open agent detail, send lifecycle actions/prompts via authenticated client, and handle terminal snapshot websocket updates.","src/features/remote/RemoteMobileApp.tsx; src/features/remote/RemoteWatchlistView.tsx; src/features/remote/RemoteAgentDetailView.tsx; src/features/remote/RemoteCommandBar.tsx; src/features/remote/remoteClient.ts; src/remoteServiceWorker.test.ts; src/features/remote/RemotePairingView.tsx; src/features/remote/RemoteQueueView.tsx; src/features/remote/RemoteWorkflowList.tsx; src/features/remote/RemoteBottomNav.tsx; src/features/remote/RemoteAgentActions.tsx; src/features/remote/RemoteAgentCard.tsx; src/features/remote/remoteAgentStatus.ts; src/features/remote/remoteWatchlistAdapter.ts; src/features/remote/useRemoteStore.ts","docs/guide/remote-control.md","unit+browser+native","audited_from_code_2026-06-22","tested_passed_2026-06-22","Rerun npm run test -- src/features/remote/RemoteMobileApp.test.tsx src/features/remote/useRemoteStore.test.ts; npm run test:e2e -- e2e/tests/remote-pwa.spec.ts; and npm run test:e2e:native:fast -- e2e-native/tests/remote-gateway-native.test.mjs before PR or after remote changes. Also rerun npm run test -- src/features/remote/RemoteMobileApp.test.tsx src/features/remote/useRemoteStore.test.ts src/features/remote/remoteIdentity.test.ts.","No defects recorded in current audit.","Verified with RemoteMobileApp/useRemoteStore unit tests, browser PWA mobile shell smoke, and native remote gateway shell/manifest/auth smoke. Mobile PWA coverage includes pairing/error states, bottom navigation, remote workflow list/run actions, placeholder queue, and remote command bar behavior. Focused subfeature verification on 2026-06-22 passed: npm run test -- src/components/OnboardingHint.test.tsx src/layout/titlebar/WorkspaceTabs.test.tsx src/layout/titlebar/CustomTitleBar.test.tsx src/layout/titlebar/LeftSidebarControls.test.tsx src/layout/titlebar/RightWindowControls.test.tsx src/features/settings/useAppUpdate.test.tsx src/features/terminal/terminalShortcuts.test.ts src/features/terminal/terminalCapabilities.test.ts src/features/remote/RemoteMobileApp.test.tsx src/features/remote/useRemoteStore.test.ts src/features/remote/remoteIdentity.test.ts src/features/workflows/BlueprintSelector.test.tsx src/features/workflows/builder/NodePalette.test.tsx src/features/workflows/builder/VariableAssistant.test.tsx src/features/workflows/builder/useUpstreamContext.test.ts src/views/WorkflowsView.test.tsx (16 files, 140 tests). Mobile PWA evidence now includes agent cards/actions, remote status normalization, watchlist adaptation, and remote store state transitions. Focused subfeature verification on 2026-06-22 passed: npm run test -- src/components/ContextMenu.test.tsx src/components/ListEditor.test.tsx src/components/SidebarResizeHandle.test.tsx src/components/AdvancedSettings.test.tsx src/components/OnboardingHint.test.tsx src/layout/SidebarContentPane.test.tsx src/layout/watchlist/AgentWatchlist.test.tsx src/layout/watchlist/ColumnPicker.test.tsx src/layout/watchlist/watchlistUtils.test.ts src/views/GridView.test.tsx src/features/grid/AgentChatView.test.tsx src/features/grid/activityBlocks.test.ts src/features/grid/workLogPresentation.test.ts src/features/grid/markdown/ChatMarkdown.test.tsx src/features/workflows/builder/BuilderCanvas.test.tsx src/features/workflows/builder/autoLayout.test.ts src/features/workflows/builder/blueprintGraph.test.ts src/features/workflows/builder/nodeSummary.test.ts src/features/workflows/run/RunList.test.tsx src/features/workflows/run/WorkflowObserveMode.test.tsx src/features/workflows/run/statusColors.test.ts src/features/workflows/run/RunView.test.tsx src/features/workflows/run/useRunStore.test.ts src/features/workflows/monitor/ActiveRunsList.test.tsx src/features/workflows/monitor/WorkflowMonitorGlance.test.tsx src/features/workflows/monitor/WorkflowMonitor.test.tsx src/features/remote/RemoteMobileApp.test.tsx src/features/remote/useRemoteStore.test.ts (27 files, 322 tests)."
"US-049","Remote control","Remote gateway security","As a user, I want remote access protected by pairing, session cookies, CSRF, origin, and host checks so local agent control is not exposed casually.","Gateway should require authenticated session, reject invalid origin/host/CSRF requests, issue pairing challenges, and write audit records.","src-tauri/src/remote/gateway.rs; src-tauri/src/remote/auth.rs; src-tauri/src/remote/policy.rs; src-tauri/src/remote/audit.rs; src/features/remote/remoteIdentity.ts; src/features/remote/remoteClient.ts","docs/guide/remote-control.md; docs/developer/architecture.md","native","audited_from_code_2026-06-22","tested_passed_2026-06-22","Rerun cd src-tauri && cargo test remote:: and npm run test:e2e:native:fast -- e2e-native/tests/remote-gateway-native.test.mjs before PR or after remote gateway changes. Also rerun npm run test -- src/features/remote/remoteIdentity.test.ts src/features/remote/useRemoteStore.test.ts && npm run test:e2e:native:fast -- e2e-native/tests/remote-gateway-native.test.mjs.","No defects recorded in current audit.","Verified native pairing/session read path plus 81 Rust remote tests covering session cookies, CSRF, origin/host checks, pairing challenge lifecycle, rate limits, audit records, and gateway policy. Remote security evidence includes browser-side P-256 identity creation/signing and gateway client behavior in addition to backend policy tests. Focused subfeature verification on 2026-06-22 passed: npm run test -- src/components/OnboardingHint.test.tsx src/layout/titlebar/WorkspaceTabs.test.tsx src/layout/titlebar/CustomTitleBar.test.tsx src/layout/titlebar/LeftSidebarControls.test.tsx src/layout/titlebar/RightWindowControls.test.tsx src/features/settings/useAppUpdate.test.tsx src/features/terminal/terminalShortcuts.test.ts src/features/terminal/terminalCapabilities.test.ts src/features/remote/RemoteMobileApp.test.tsx src/features/remote/useRemoteStore.test.ts src/features/remote/remoteIdentity.test.ts src/features/workflows/BlueprintSelector.test.tsx src/features/workflows/builder/NodePalette.test.tsx src/features/workflows/builder/VariableAssistant.test.tsx src/features/workflows/builder/useUpstreamContext.test.ts src/views/WorkflowsView.test.tsx (16 files, 140 tests)."
"US-050","Package and release","Stage CLI and installers","As a maintainer, I want release/package scripts to stage CLI binaries and generate package manager manifests so distribution stays reproducible.","Scripts should resolve cargo target outputs, generate manifests/repos, preserve expected release assets, and fail clearly when binaries are missing.","scripts/stage-cli.mjs; scripts/package-managers/generate-manifests.mjs; scripts/package-managers/generate-apt-repo.mjs; release-please-config.json; src-tauri/tauri.conf.json","docs/developer/package-manager-distribution.md; docs/developer/release-updates.md","unit+native","audited_from_code_2026-06-22","tested_passed_2026-06-22","Rerun npm run test -- src/config/stageCli.test.ts src/config/releaseWorkflow.test.ts src/config/packageManagerManifestGenerator.test.ts src/config/aptRepoGenerator.test.ts; node --test e2e-native/tests/stage-cli.test.mjs e2e-native/tests/native-preflight.test.mjs; npm run stage-cli; and npm run tauri -- build --debug before PR or after package changes.","Resolved: native stage-cli test contract omitted the release profile and expected release paths; direct executable spawns no longer emit Node DEP0190 warnings on Windows; local Windows debug NSIS installer build passed.","Verified staged release CLI, package-manager manifest/APT tests, native preflight/stage tests, clean stage/preflight Node output, and local Windows debug installer bundle. Non-Windows installer formats remain covered by config/workflow tests on this Windows host."
"US-051","Docs and screenshots","Feature screenshot documentation gate","As a maintainer, I want frontend changes to include representative screenshots so UI PRs have visual evidence.","Screenshot checker should fail frontend PR descriptions without embedded HTTPS screenshot images and docs should explain capture/storage rules.","scripts/verify-frontend-screenshot.mjs; src/config/frontendScreenshotCheck.test.ts; docs/developer/screenshot-documentation.md; src/components/DocsLink.tsx","docs/developer/screenshot-documentation.md; docs/specs/2026-05-12-core-feature-screenshot-documentation.md","unit","audited_from_code_2026-06-22","tested_passed_2026-06-22","Rerun listed test layer before PR or after related changes. Also rerun npm run test -- src/components/OnboardingHint.test.tsx.","No defects recorded in current audit.","Local screenshot paths alone are intentionally insufficient for PR gate. DocsLink is the shared external documentation-link component used by first-run, Queue, Library, and terminal help surfaces. Focused subfeature verification on 2026-06-22 passed: npm run test -- src/components/ContextMenu.test.tsx src/components/ListEditor.test.tsx src/components/SidebarResizeHandle.test.tsx src/components/AdvancedSettings.test.tsx src/components/OnboardingHint.test.tsx src/layout/SidebarContentPane.test.tsx src/layout/watchlist/AgentWatchlist.test.tsx src/layout/watchlist/ColumnPicker.test.tsx src/layout/watchlist/watchlistUtils.test.ts src/views/GridView.test.tsx src/features/grid/AgentChatView.test.tsx src/features/grid/activityBlocks.test.ts src/features/grid/workLogPresentation.test.ts src/features/grid/markdown/ChatMarkdown.test.tsx src/features/workflows/builder/BuilderCanvas.test.tsx src/features/workflows/builder/autoLayout.test.ts src/features/workflows/builder/blueprintGraph.test.ts src/features/workflows/builder/nodeSummary.test.ts src/features/workflows/run/RunList.test.tsx src/features/workflows/run/WorkflowObserveMode.test.tsx src/features/workflows/run/statusColors.test.ts src/features/workflows/run/RunView.test.tsx src/features/workflows/run/useRunStore.test.ts src/features/workflows/monitor/ActiveRunsList.test.tsx src/features/workflows/monitor/WorkflowMonitorGlance.test.tsx src/features/workflows/monitor/WorkflowMonitor.test.tsx src/features/remote/RemoteMobileApp.test.tsx src/features/remote/useRemoteStore.test.ts (27 files, 322 tests)."
"US-052","Docs","Cross-platform docs hygiene","As a contributor, I want docs and examples to avoid local machine paths by default so contributors on different OSes can follow them.","Docs should use placeholders for absolute paths, show POSIX shell first and PowerShell second when both apply, and label Windows-only content explicitly.","src/config/crossPlatformAudit.test.ts; docs; AGENTS.md","AGENTS.md; docs/developer/docs-maintenance.md","unit","audited_from_code_2026-06-22","tested_passed_2026-06-22","Rerun listed test layer before PR or after related changes.","No defects recorded in current audit.","Cross-platform docs audit passed."
"US-053","App resilience","Error boundaries","As a user, I want app crashes contained so one React error does not blank the whole desktop without explanation.","App should wrap the body in ErrorBoundary and render fallback/reporting behavior when child components throw.","src/views/App.tsx; src/components/ErrorBoundary.tsx","docs/developer/architecture.md","unit","audited_from_code_2026-06-22","tested_passed_2026-06-22","Rerun npm run test -- src/components/ErrorBoundary.test.tsx before PR or after error-boundary changes.","No defects recorded in current audit.","Verified normal child rendering, fatal fallback copy, and reload action in ErrorBoundary unit tests."
"US-054","Placeholder","Garden placeholder","As a user, I want the future Garden view to be clearly marked as unavailable so I do not mistake a placeholder for a broken feature.","Selecting Garden should render the placeholder view and not claim implemented Garden functionality.","src/views/App.tsx; src/views/PlaceholderView.tsx","docs/features.md; docs/guide/ui-overview.md","unit","placeholder_expected_2026-06-22","tested_passed_2026-06-22","Rerun listed test layer before PR or after related changes.","No defects recorded in current audit.","Explicitly not counted as implemented current feature."
"US-055","Backend infrastructure","Command, state, and utility support","As a maintainer, I want Wardian's backend command dispatch, shared state, and utilities to remain coherent so user-facing workflows have reliable native support.","The Tauri backend should centralize command handlers, app state, mailbox/interaction tracking, terminal attach text, delivery transactions, migrations, logging, filesystem, onboarding, process, and input helpers behind documented architecture boundaries.","src-tauri/src/commands; src-tauri/src/state; src-tauri/src/utils","docs/developer/architecture.md; docs/developer/state-management.md; docs/developer/tauri-command-reference.md","backend","audited_from_code_2026-06-22","tested_passed_2026-06-22","Rerun cd src-tauri && cargo check && cargo clippy && cargo test after backend command, state, or utility changes.","No defects recorded in current audit.","Backend support modules are covered as infrastructure for the user-facing command, lifecycle, terminal, remote, workflow, settings, and CLI stories. Broad backend verification on 2026-06-22 passed with cargo check, cargo clippy, and cargo test."
